run_date,line_id,line_name,part_id,shortage_prob,expected_gap_days,stoppage_cost_per_hour,hours_per_day,prob_weighted_daily_exposure,expected_stoppage_cost
2026-09-28,VH-A,Sedan platform,CN-3001,0.0,0.0,38000.0,16.0,0.0,0.0
2026-09-28,VH-B,SUV platform,CN-3001,0.0,0.0,52000.0,16.0,0.0,0.0
2026-09-28,VH-C,EV platform,CN-3001,0.0,0.0,71000.0,16.0,0.0,0.0
2026-09-28,VH-A,Sedan platform,CN-3002,0.1154,0.93,38000.0,16.0,70163.2,565440.0
2026-09-28,VH-B,SUV platform,CN-3002,0.1154,0.93,52000.0,16.0,96012.8,773760.0
2026-09-28,VH-C,EV platform,CN-3002,0.1154,0.93,71000.0,16.0,131094.4,1056480.0
2026-09-28,VH-A,Sedan platform,CN-3003,0.0726,0.66,38000.0,16.0,44140.799999999996,401280.0
2026-09-28,VH-C,EV platform,CN-3003,0.0726,0.66,71000.0,16.0,82473.59999999999,749760.0
2026-09-28,VH-A,Sedan platform,EL-4001,0.1429,1.63,38000.0,16.0,86883.2,991039.9999999999
2026-09-28,VH-B,SUV platform,EL-4001,0.1429,1.63,52000.0,16.0,118892.8,1356160.0
2026-09-28,VH-C,EV platform,EL-4001,0.1429,1.63,71000.0,16.0,162334.4,1851679.9999999998
2026-09-28,VH-C,EV platform,EL-4001,0.1429,1.63,71000.0,16.0,162334.4,1851679.9999999998
2026-09-28,VH-A,Sedan platform,EL-4002,0.0,0.0,38000.0,16.0,0.0,0.0
2026-09-28,VH-B,SUV platform,EL-4002,0.0,0.0,52000.0,16.0,0.0,0.0
2026-09-28,VH-C,EV platform,EL-4002,0.0,0.0,71000.0,16.0,0.0,0.0
2026-09-28,VH-A,Sedan platform,EL-4003,0.0,0.0,38000.0,16.0,0.0,0.0
2026-09-28,VH-B,SUV platform,EL-4003,0.0,0.0,52000.0,16.0,0.0,0.0
2026-09-28,VH-C,EV platform,EL-4003,0.0,0.0,71000.0,16.0,0.0,0.0
2026-09-28,VH-A,Sedan platform,SN-2001,0.0,0.0,38000.0,16.0,0.0,0.0
2026-09-28,VH-B,SUV platform,SN-2001,0.0,0.0,52000.0,16.0,0.0,0.0
2026-09-28,VH-C,EV platform,SN-2001,0.0,0.0,71000.0,16.0,0.0,0.0
2026-09-28,VH-A,Sedan platform,SN-2002,0.0,0.0,38000.0,16.0,0.0,0.0
2026-09-28,VH-B,SUV platform,SN-2003,0.1,0.88,52000.0,16.0,83200.0,732160.0
2026-09-28,VH-C,EV platform,SN-2003,0.1,0.88,71000.0,16.0,113600.0,999680.0
2026-09-28,VH-B,SUV platform,SN-2004,0.7421,6.5,52000.0,16.0,617427.2,5408000.0
2026-09-28,VH-C,EV platform,SN-2004,0.7421,6.5,71000.0,16.0,843025.6,7384000.0
2026-09-28,VH-A,Sedan platform,WH-1001,0.0054,0.0,38000.0,16.0,3283.2000000000003,0.0
2026-09-28,VH-B,SUV platform,WH-1001,0.0054,0.0,52000.0,16.0,4492.8,0.0
2026-09-28,VH-C,EV platform,WH-1001,0.0054,0.0,71000.0,16.0,6134.400000000001,0.0
2026-09-28,VH-A,Sedan platform,WH-1002,0.0,0.0,38000.0,16.0,0.0,0.0
2026-09-28,VH-B,SUV platform,WH-1002,0.0,0.0,52000.0,16.0,0.0,0.0
2026-09-28,VH-C,EV platform,WH-1002,0.0,0.0,71000.0,16.0,0.0,0.0
2026-09-28,VH-A,Sedan platform,WH-1003,0.5346,3.39,38000.0,16.0,325036.8,2061120.0
2026-09-28,VH-B,SUV platform,WH-1003,0.5346,3.39,52000.0,16.0,444787.19999999995,2820480.0
