finished_good,component,qty_per_vehicle,depth
VH-A,CN-3003,2.0,1
VH-A,SA-100,1.0,1
VH-A,SN-2001,4.0,1
VH-A,SN-2002,1.0,1
VH-A,WH-1001,1.0,1
VH-A,WH-1002,4.0,1
VH-A,WH-1003,1.0,1
VH-B,SA-100,1.0,1
VH-B,SN-2001,4.0,1
VH-B,SN-2003,4.0,1
VH-B,SN-2004,1.0,1
VH-B,WH-1001,1.0,1
VH-B,WH-1002,4.0,1
VH-B,WH-1003,1.0,1
VH-C,CN-3003,4.0,1
VH-C,EL-4001,1.0,1
VH-C,SA-100,1.0,1
VH-C,SN-2001,4.0,1
VH-C,SN-2003,4.0,1
VH-C,SN-2004,2.0,1
VH-C,WH-1001,1.0,1
VH-C,WH-1002,4.0,1
VH-A,CN-3001,8.0,2
VH-A,CN-3002,2.0,2
VH-A,EL-4001,1.0,2
VH-A,EL-4002,1.0,2
VH-A,EL-4003,6.0,2
VH-B,CN-3001,8.0,2
VH-B,CN-3002,2.0,2
VH-B,EL-4001,1.0,2
VH-B,EL-4002,1.0,2
VH-B,EL-4003,6.0,2
VH-C,CN-3001,8.0,2
VH-C,CN-3002,2.0,2
VH-C,EL-4001,1.0,2
VH-C,EL-4002,1.0,2
VH-C,EL-4003,6.0,2
