po_id,part_id,supplier_id,order_date,promised_date,received_date,actual_lead_days,delay_days
1,WH-1001,S01,2026-02-21,2026-03-07,2026-03-08,15.0,1.0
2,WH-1001,S01,2025-09-19,2025-10-03,2025-10-18,29.0,15.0
3,WH-1001,S01,2026-02-22,2026-03-08,2026-03-09,15.0,1.0
4,WH-1001,S01,2026-02-10,2026-02-24,2026-02-23,13.0,-1.0
5,WH-1001,S01,2025-11-16,2025-11-30,2025-11-30,14.0,0.0
6,WH-1001,S01,2026-07-11,2026-07-25,2026-07-26,15.0,1.0
7,WH-1001,S01,2025-08-02,2025-08-16,2025-08-16,14.0,0.0
8,WH-1001,S01,2026-06-07,2026-06-21,2026-06-22,15.0,1.0
9,WH-1001,S01,2025-09-04,2025-09-18,2025-09-17,13.0,-1.0
10,WH-1001,S01,2025-07-12,2025-07-26,2025-07-27,15.0,1.0
11,WH-1001,S01,2025-04-13,2025-04-27,2025-04-28,15.0,1.0
12,WH-1001,S01,2026-05-14,2026-05-28,2026-05-27,13.0,-1.0
13,WH-1001,S01,2025-11-06,2025-11-20,2025-12-02,26.0,12.0
14,WH-1001,S01,2026-02-16,2026-03-02,2026-03-02,14.0,0.0
15,WH-1001,S01,2026-01-14,2026-01-28,2026-01-27,13.0,-1.0
16,WH-1001,S01,2025-03-23,2025-04-06,2025-04-06,14.0,0.0
17,WH-1001,S01,2024-11-20,2024-12-04,2024-12-04,14.0,0.0
18,WH-1001,S01,2026-02-26,2026-03-12,2026-03-16,18.0,4.0
19,WH-1001,S01,2024-10-02,2024-10-16,2024-10-19,17.0,3.0
20,WH-1001,S01,2024-12-22,2025-01-05,2025-01-05,14.0,0.0
21,WH-1001,S01,2026-04-25,2026-05-09,2026-05-08,13.0,-1.0
22,WH-1001,S01,2024-11-28,2024-12-12,2024-12-13,15.0,1.0
23,WH-1001,S01,2025-07-26,2025-08-09,2025-08-07,12.0,-2.0
24,WH-1001,S01,2025-04-23,2025-05-07,2025-05-08,15.0,1.0
25,WH-1001,S01,2025-11-08,2025-11-22,2025-11-24,16.0,2.0
26,WH-1001,S01,2025-01-28,2025-02-11,2025-02-12,15.0,1.0
27,WH-1001,S01,2025-02-23,2025-03-09,2025-03-10,15.0,1.0
28,WH-1001,S01,2024-12-16,2024-12-30,2025-01-03,18.0,4.0
29,WH-1001,S01,2024-11-04,2024-11-18,2024-11-17,13.0,-1.0
30,WH-1001,S01,2024-11-20,2024-12-04,2024-12-03,13.0,-1.0
31,WH-1001,S01,2026-06-25,2026-07-09,2026-07-10,15.0,1.0
32,WH-1001,S01,2025-01-22,2025-02-05,2025-02-06,15.0,1.0
33,WH-1001,S01,2026-01-24,2026-02-07,2026-02-08,15.0,1.0
34,WH-1001,S01,2025-06-28,2025-07-12,2025-07-12,14.0,0.0
35,WH-1001,S01,2026-01-22,2026-02-05,2026-02-08,17.0,3.0
36,WH-1001,S01,2025-03-01,2025-03-15,2025-03-16,15.0,1.0
37,WH-1001,S01,2026-07-27,2026-08-10,2026-08-08,12.0,-2.0
38,WH-1001,S01,2025-07-07,2025-07-21,2025-07-19,12.0,-2.0
39,WH-1001,S01,2025-04-03,2025-04-17,2025-04-17,14.0,0.0
40,WH-1001,S01,2026-03-25,2026-04-08,2026-04-10,16.0,2.0
41,WH-1001,S01,2025-01-10,2025-01-24,2025-01-26,16.0,2.0
42,WH-1001,S01,2024-10-27,2024-11-10,2024-11-11,15.0,1.0
43,WH-1001,S01,2025-08-12,2025-08-26,2025-08-27,15.0,1.0
44,WH-1001,S01,2026-05-06,2026-05-20,2026-05-19,13.0,-1.0
45,WH-1001,S01,2025-09-16,2025-09-30,2025-10-01,15.0,1.0
46,WH-1001,S01,2025-06-14,2025-06-28,2025-07-01,17.0,3.0
47,WH-1001,S01,2025-09-02,2025-09-16,2025-09-16,14.0,0.0
48,WH-1001,S01,2026-05-11,2026-05-25,2026-05-28,17.0,3.0
49,WH-1001,S01,2024-10-01,2024-10-15,2024-10-14,13.0,-1.0
50,WH-1001,S01,2025-04-14,2025-04-28,2025-04-27,13.0,-1.0
51,WH-1001,S01,2026-05-12,2026-05-26,2026-05-28,16.0,2.0
52,WH-1001,S01,2025-10-06,2025-10-20,2025-10-21,15.0,1.0
53,WH-1001,S01,2024-11-24,2024-12-08,2024-12-11,17.0,3.0
54,WH-1001,S01,2026-06-02,2026-06-16,2026-06-17,15.0,1.0
55,WH-1001,S01,2025-04-14,2025-04-28,2025-04-29,15.0,1.0
56,WH-1001,S01,2024-11-23,2024-12-07,2024-12-09,16.0,2.0
57,WH-1001,S01,2025-04-02,2025-04-16,2025-04-17,15.0,1.0
58,WH-1001,S01,2025-02-21,2025-03-07,2025-03-07,14.0,0.0
59,WH-1001,S01,2024-10-26,2024-11-09,2024-11-11,16.0,2.0
60,WH-1001,S01,2025-04-03,2025-04-17,2025-04-20,17.0,3.0
61,WH-1002,S01,2024-11-04,2024-11-16,2024-11-17,13.0,1.0
62,WH-1002,S01,2026-06-01,2026-06-13,2026-06-15,14.0,2.0
63,WH-1002,S01,2025-01-16,2025-01-28,2025-01-29,13.0,1.0
64,WH-1002,S01,2024-12-24,2025-01-05,2025-01-02,9.0,-3.0
65,WH-1002,S01,2026-08-17,2026-08-29,2026-08-30,13.0,1.0
66,WH-1002,S01,2025-04-13,2025-04-25,2025-04-24,11.0,-1.0
67,WH-1002,S01,2026-01-28,2026-02-09,2026-02-10,13.0,1.0
68,WH-1002,S01,2025-04-02,2025-04-14,2025-04-12,10.0,-2.0
69,WH-1002,S01,2026-08-08,2026-08-20,2026-08-20,12.0,0.0
70,WH-1002,S01,2026-08-09,2026-08-21,2026-08-22,13.0,1.0
71,WH-1002,S01,2025-05-13,2025-05-25,2025-05-26,13.0,1.0
72,WH-1002,S01,2025-10-22,2025-11-03,2025-11-04,13.0,1.0
73,WH-1002,S01,2026-08-29,2026-09-10,2026-09-11,13.0,1.0
74,WH-1002,S01,2026-09-05,2026-09-17,2026-09-19,14.0,2.0
75,WH-1002,S01,2024-10-13,2024-10-25,2024-10-23,10.0,-2.0
76,WH-1002,S01,2026-03-19,2026-03-31,2026-04-02,14.0,2.0
77,WH-1002,S01,2026-06-15,2026-06-27,2026-06-29,14.0,2.0
78,WH-1002,S01,2025-10-26,2025-11-07,2025-11-06,11.0,-1.0
79,WH-1002,S01,2025-05-01,2025-05-13,2025-05-16,15.0,3.0
80,WH-1002,S01,2026-07-09,2026-07-21,2026-07-21,12.0,0.0
81,WH-1002,S01,2026-08-02,2026-08-14,2026-08-14,12.0,0.0
82,WH-1002,S01,2025-09-02,2025-09-14,2025-09-12,10.0,-2.0
83,WH-1002,S01,2026-07-21,2026-08-02,2026-08-03,13.0,1.0
84,WH-1002,S01,2025-10-18,2025-10-30,2025-11-01,14.0,2.0
85,WH-1002,S01,2025-03-11,2025-03-23,2025-03-22,11.0,-1.0
86,WH-1002,S01,2025-08-19,2025-08-31,2025-08-31,12.0,0.0
87,WH-1002,S01,2025-10-26,2025-11-07,2025-11-09,14.0,2.0
88,WH-1002,S01,2025-11-15,2025-11-27,2025-11-29,14.0,2.0
89,WH-1002,S01,2025-10-29,2025-11-10,2025-11-11,13.0,1.0
90,WH-1002,S01,2025-05-06,2025-05-18,2025-05-21,15.0,3.0
91,WH-1002,S01,2024-10-17,2024-10-29,2024-10-30,13.0,1.0
92,WH-1002,S01,2025-06-29,2025-07-11,2025-07-12,13.0,1.0
93,WH-1002,S01,2024-10-19,2024-10-31,2024-10-30,11.0,-1.0
94,WH-1002,S01,2024-11-04,2024-11-16,2024-11-15,11.0,-1.0
95,WH-1002,S01,2026-02-08,2026-02-20,2026-02-23,15.0,3.0
96,WH-1002,S01,2026-07-03,2026-07-15,2026-07-16,13.0,1.0
97,WH-1002,S01,2025-08-16,2025-08-28,2025-08-29,13.0,1.0
98,WH-1002,S01,2026-03-18,2026-03-30,2026-04-01,14.0,2.0
99,WH-1002,S01,2025-08-28,2025-09-09,2025-09-13,16.0,4.0
100,WH-1002,S01,2025-02-12,2025-02-24,2025-02-25,13.0,1.0
101,WH-1002,S01,2025-01-13,2025-01-25,2025-01-25,12.0,0.0
102,WH-1002,S01,2026-03-18,2026-03-30,2026-03-29,11.0,-1.0
103,WH-1002,S01,2026-08-10,2026-08-22,2026-08-23,13.0,1.0
104,WH-1002,S01,2025-02-02,2025-02-14,2025-02-14,12.0,0.0
105,WH-1002,S01,2025-09-27,2025-10-09,2025-10-11,14.0,2.0
106,WH-1002,S01,2024-12-07,2024-12-19,2024-12-17,10.0,-2.0
107,WH-1002,S01,2025-11-18,2025-11-30,2025-12-02,14.0,2.0
108,WH-1002,S01,2025-05-22,2025-06-03,2025-05-31,9.0,-3.0
109,WH-1002,S01,2026-07-16,2026-07-28,2026-07-29,13.0,1.0
110,WH-1002,S01,2025-03-10,2025-03-22,2025-03-20,10.0,-2.0
111,WH-1002,S01,2024-11-20,2024-12-02,2024-12-02,12.0,0.0
112,WH-1002,S01,2025-03-20,2025-04-01,2025-04-03,14.0,2.0
113,WH-1002,S01,2025-11-16,2025-11-28,2025-12-01,15.0,3.0
114,WH-1002,S01,2026-04-19,2026-05-01,2026-05-04,15.0,3.0
115,WH-1002,S01,2025-09-16,2025-09-28,2025-09-28,12.0,0.0
116,WH-1002,S01,2025-01-23,2025-02-04,2025-02-05,13.0,1.0
117,WH-1002,S01,2024-11-25,2024-12-07,2024-12-06,11.0,-1.0
118,WH-1002,S01,2024-11-10,2024-11-22,2024-11-20,10.0,-2.0
119,WH-1002,S01,2026-04-23,2026-05-05,2026-05-07,14.0,2.0
120,WH-1002,S01,2026-08-30,2026-09-11,2026-09-09,10.0,-2.0
121,WH-1003,S05,2025-01-10,2025-01-28,2025-01-30,20.0,2.0
122,WH-1003,S05,2025-02-21,2025-03-11,2025-03-15,22.0,4.0
123,WH-1003,S05,2025-03-29,2025-04-16,2025-04-22,24.0,6.0
124,WH-1003,S05,2026-01-16,2026-02-03,2026-02-07,22.0,4.0
125,WH-1003,S05,2025-12-20,2026-01-07,2026-01-08,19.0,1.0
126,WH-1003,S05,2026-06-15,2026-07-03,2026-06-30,15.0,-3.0
127,WH-1003,S05,2025-01-14,2025-02-01,2025-01-31,17.0,-1.0
128,WH-1003,S05,2024-09-30,2024-10-18,2024-10-21,21.0,3.0
129,WH-1003,S05,2026-01-11,2026-01-29,2026-02-04,24.0,6.0
130,WH-1003,S05,2025-07-11,2025-07-29,2025-08-01,21.0,3.0
131,WH-1003,S05,2025-04-27,2025-05-15,2025-05-19,22.0,4.0
132,WH-1003,S05,2025-06-25,2025-07-13,2025-07-22,27.0,9.0
133,WH-1003,S05,2024-12-06,2024-12-24,2024-12-21,15.0,-3.0
134,WH-1003,S05,2025-03-02,2025-03-20,2025-03-18,16.0,-2.0
135,WH-1003,S05,2025-04-06,2025-04-24,2025-04-21,15.0,-3.0
136,WH-1003,S05,2025-06-01,2025-06-19,2025-06-30,29.0,11.0
137,WH-1003,S05,2026-02-16,2026-03-06,2026-03-18,30.0,12.0
138,WH-1003,S05,2026-01-05,2026-01-23,2026-02-12,38.0,20.0
139,WH-1003,S05,2025-09-26,2025-10-14,2025-10-21,25.0,7.0
140,WH-1003,S05,2024-10-14,2024-11-01,2024-11-07,24.0,6.0
141,WH-1003,S05,2026-07-10,2026-07-28,2026-07-28,18.0,0.0
142,WH-1003,S05,2024-11-21,2024-12-09,2025-01-02,42.0,24.0
143,WH-1003,S05,2026-08-05,2026-08-23,2026-08-21,16.0,-2.0
144,WH-1003,S05,2025-04-20,2025-05-08,2025-05-13,23.0,5.0
145,WH-1003,S05,2025-04-02,2025-04-20,2025-05-11,39.0,21.0
146,WH-1003,S05,2025-06-24,2025-07-12,2025-08-02,39.0,21.0
147,WH-1003,S05,2025-05-16,2025-06-03,2025-06-08,23.0,5.0
148,WH-1003,S05,2024-12-12,2024-12-30,2025-01-09,28.0,10.0
149,WH-1003,S05,2025-01-11,2025-01-29,2025-02-09,29.0,11.0
150,WH-1003,S05,2026-02-08,2026-02-26,2026-02-23,15.0,-3.0
151,WH-1003,S05,2026-02-25,2026-03-15,2026-03-17,20.0,2.0
152,WH-1003,S05,2026-07-10,2026-07-28,2026-08-03,24.0,6.0
153,WH-1003,S05,2025-02-12,2025-03-02,2025-03-15,31.0,13.0
154,WH-1003,S05,2025-11-23,2025-12-11,2025-12-13,20.0,2.0
155,WH-1003,S05,2024-09-30,2024-10-18,2024-10-15,15.0,-3.0
156,WH-1003,S05,2025-12-04,2025-12-22,2025-12-23,19.0,1.0
157,WH-1003,S05,2026-06-05,2026-06-23,2026-07-18,43.0,25.0
158,WH-1003,S05,2026-08-27,2026-09-14,2026-09-13,17.0,-1.0
159,WH-1003,S05,2026-01-08,2026-01-26,2026-01-27,19.0,1.0
160,WH-1003,S05,2025-03-24,2025-04-11,2025-04-09,16.0,-2.0
161,WH-1003,S05,2024-12-11,2024-12-29,2024-12-26,15.0,-3.0
162,WH-1003,S05,2024-12-02,2024-12-20,2024-12-20,18.0,0.0
163,WH-1003,S05,2025-07-16,2025-08-03,2025-08-07,22.0,4.0
164,WH-1003,S05,2026-03-21,2026-04-08,2026-04-15,25.0,7.0
165,WH-1003,S05,2024-12-27,2025-01-14,2025-01-19,23.0,5.0
166,WH-1003,S05,2025-02-23,2025-03-13,2025-03-15,20.0,2.0
167,WH-1003,S05,2025-10-05,2025-10-23,2025-11-01,27.0,9.0
168,WH-1003,S05,2025-02-07,2025-02-25,2025-02-25,18.0,0.0
169,WH-1003,S05,2026-04-30,2026-05-18,2026-05-25,25.0,7.0
170,WH-1003,S05,2025-06-02,2025-06-20,2025-06-21,19.0,1.0
171,WH-1003,S05,2025-11-05,2025-11-23,2025-12-01,26.0,8.0
172,WH-1003,S05,2026-06-27,2026-07-15,2026-07-14,17.0,-1.0
173,WH-1003,S05,2026-07-24,2026-08-11,2026-08-09,16.0,-2.0
174,WH-1003,S05,2026-01-30,2026-02-17,2026-02-19,20.0,2.0
175,WH-1003,S05,2025-12-10,2025-12-28,2026-01-05,26.0,8.0
176,WH-1003,S05,2026-04-15,2026-05-03,2026-05-09,24.0,6.0
177,WH-1003,S05,2025-11-17,2025-12-05,2025-12-08,21.0,3.0
178,WH-1003,S05,2025-01-04,2025-01-22,2025-01-25,21.0,3.0
179,WH-1003,S05,2025-09-26,2025-10-14,2025-10-11,15.0,-3.0
180,SN-2001,S02,2025-03-03,2025-03-24,2025-03-23,20.0,-1.0
181,SN-2001,S02,2026-01-23,2026-02-13,2026-02-10,18.0,-3.0
182,SN-2001,S02,2025-05-11,2025-06-01,2025-06-05,25.0,4.0
183,SN-2001,S02,2024-11-17,2024-12-08,2024-12-07,20.0,-1.0
184,SN-2001,S02,2025-04-21,2025-05-12,2025-05-13,22.0,1.0
185,SN-2001,S02,2026-06-02,2026-06-23,2026-07-08,36.0,15.0
186,SN-2001,S02,2026-08-17,2026-09-07,2026-09-05,19.0,-2.0
187,SN-2001,S02,2026-03-21,2026-04-11,2026-04-14,24.0,3.0
188,SN-2001,S02,2025-01-13,2025-02-03,2025-02-04,22.0,1.0
189,SN-2001,S02,2025-06-26,2025-07-17,2025-07-19,23.0,2.0
190,SN-2001,S02,2025-01-09,2025-01-30,2025-01-31,22.0,1.0
191,SN-2001,S02,2025-10-21,2025-11-11,2025-11-16,26.0,5.0
192,SN-2001,S02,2025-12-26,2026-01-16,2026-01-15,20.0,-1.0
193,SN-2001,S02,2025-02-18,2025-03-11,2025-03-13,23.0,2.0
194,SN-2001,S02,2025-11-19,2025-12-10,2025-12-12,23.0,2.0
195,SN-2001,S02,2026-08-18,2026-09-08,2026-09-19,32.0,11.0
196,SN-2001,S02,2025-04-12,2025-05-03,2025-05-07,25.0,4.0
197,SN-2001,S02,2026-01-26,2026-02-16,2026-02-18,23.0,2.0
198,SN-2001,S02,2026-06-11,2026-07-02,2026-07-03,22.0,1.0
199,SN-2001,S02,2026-05-09,2026-05-30,2026-05-31,22.0,1.0
200,SN-2001,S02,2026-09-06,2026-09-27,2026-09-28,22.0,1.0
201,SN-2001,S02,2025-07-20,2025-08-10,2025-08-11,22.0,1.0
202,SN-2001,S02,2024-12-22,2025-01-12,2025-01-13,22.0,1.0
203,SN-2001,S02,2026-02-27,2026-03-20,2026-03-20,21.0,0.0
204,SN-2001,S02,2026-02-11,2026-03-04,2026-03-06,23.0,2.0
205,SN-2001,S02,2026-08-27,2026-09-17,2026-09-20,24.0,3.0
206,SN-2001,S02,2024-12-27,2025-01-17,2025-01-18,22.0,1.0
207,SN-2001,S02,2025-08-11,2025-09-01,2025-09-03,23.0,2.0
208,SN-2001,S02,2025-04-11,2025-05-02,2025-05-05,24.0,3.0
209,SN-2001,S02,2024-10-10,2024-10-31,2024-10-31,21.0,0.0
210,SN-2001,S02,2026-08-31,2026-09-21,2026-09-21,21.0,0.0
211,SN-2001,S02,2025-11-23,2025-12-14,2025-12-14,21.0,0.0
212,SN-2001,S02,2025-12-02,2025-12-23,2025-12-24,22.0,1.0
213,SN-2001,S02,2024-10-26,2024-11-16,2024-11-16,21.0,0.0
214,SN-2001,S02,2025-01-07,2025-01-28,2025-01-30,23.0,2.0
215,SN-2001,S02,2025-10-10,2025-10-31,2025-10-28,18.0,-3.0
216,SN-2001,S02,2025-12-13,2026-01-03,2026-01-04,22.0,1.0
217,SN-2001,S02,2025-04-07,2025-04-28,2025-04-30,23.0,2.0
218,SN-2001,S02,2026-06-26,2026-07-17,2026-07-17,21.0,0.0
219,SN-2001,S02,2025-02-19,2025-03-12,2025-03-12,21.0,0.0
220,SN-2001,S02,2025-03-30,2025-04-20,2025-04-20,21.0,0.0
221,SN-2001,S02,2025-12-15,2026-01-05,2026-01-10,26.0,5.0
222,SN-2001,S02,2025-12-02,2025-12-23,2025-12-25,23.0,2.0
223,SN-2001,S02,2025-07-23,2025-08-13,2025-08-13,21.0,0.0
224,SN-2001,S02,2024-11-13,2024-12-04,2024-12-04,21.0,0.0
225,SN-2001,S02,2025-12-15,2026-01-05,2026-01-07,23.0,2.0
226,SN-2001,S02,2026-05-16,2026-06-06,2026-06-08,23.0,2.0
227,SN-2001,S02,2024-10-31,2024-11-21,2024-11-20,20.0,-1.0
228,SN-2001,S02,2025-03-23,2025-04-13,2025-04-14,22.0,1.0
229,SN-2001,S02,2026-04-18,2026-05-09,2026-05-07,19.0,-2.0
230,SN-2001,S02,2025-10-11,2025-11-01,2025-11-02,22.0,1.0
231,SN-2001,S02,2025-10-02,2025-10-23,2025-10-25,23.0,2.0
232,SN-2001,S02,2025-09-22,2025-10-13,2025-10-10,18.0,-3.0
233,SN-2001,S02,2026-02-11,2026-03-04,2026-03-05,22.0,1.0
234,SN-2001,S02,2024-12-07,2024-12-28,2024-12-31,24.0,3.0
235,SN-2001,S02,2024-11-01,2024-11-22,2024-11-21,20.0,-1.0
236,SN-2001,S02,2026-02-04,2026-02-25,2026-02-25,21.0,0.0
237,SN-2001,S02,2025-01-16,2025-02-06,2025-02-05,20.0,-1.0
238,SN-2001,S02,2026-05-14,2026-06-04,2026-06-05,22.0,1.0
239,SN-2001,S02,2025-01-12,2025-02-02,2025-02-02,21.0,0.0
240,SN-2002,S02,2026-02-10,2026-03-07,2026-03-05,23.0,-2.0
241,SN-2002,S02,2025-03-18,2025-04-12,2025-04-13,26.0,1.0
242,SN-2002,S02,2024-11-09,2024-12-04,2024-12-09,30.0,5.0
243,SN-2002,S02,2026-06-29,2026-07-24,2026-07-25,26.0,1.0
244,SN-2002,S02,2026-05-04,2026-05-29,2026-05-31,27.0,2.0
245,SN-2002,S02,2026-03-18,2026-04-12,2026-04-15,28.0,3.0
246,SN-2002,S02,2024-12-27,2025-01-21,2025-01-20,24.0,-1.0
247,SN-2002,S02,2026-03-16,2026-04-10,2026-04-07,22.0,-3.0
248,SN-2002,S02,2024-11-10,2024-12-05,2024-12-06,26.0,1.0
249,SN-2002,S02,2025-09-06,2025-10-01,2025-10-06,30.0,5.0
250,SN-2002,S02,2025-08-24,2025-09-18,2025-09-19,26.0,1.0
251,SN-2002,S02,2026-06-11,2026-07-06,2026-07-08,27.0,2.0
252,SN-2002,S02,2024-11-01,2024-11-26,2024-11-28,27.0,2.0
253,SN-2002,S02,2026-04-14,2026-05-09,2026-05-10,26.0,1.0
254,SN-2002,S02,2026-06-16,2026-07-11,2026-07-12,26.0,1.0
255,SN-2002,S02,2025-07-04,2025-07-29,2025-08-01,28.0,3.0
256,SN-2002,S02,2025-08-27,2025-09-21,2025-09-23,27.0,2.0
257,SN-2002,S02,2025-02-05,2025-03-02,2025-02-27,22.0,-3.0
258,SN-2002,S02,2026-05-23,2026-06-17,2026-06-19,27.0,2.0
259,SN-2002,S02,2026-08-04,2026-08-29,2026-09-02,29.0,4.0
260,SN-2002,S02,2025-06-23,2025-07-18,2025-07-19,26.0,1.0
261,SN-2002,S02,2026-04-11,2026-05-06,2026-05-07,26.0,1.0
262,SN-2002,S02,2025-06-12,2025-07-07,2025-07-08,26.0,1.0
263,SN-2002,S02,2026-02-21,2026-03-18,2026-03-18,25.0,0.0
264,SN-2002,S02,2026-06-09,2026-07-04,2026-07-04,25.0,0.0
265,SN-2002,S02,2025-12-04,2025-12-29,2025-12-31,27.0,2.0
266,SN-2002,S02,2025-04-11,2025-05-06,2025-05-09,28.0,3.0
267,SN-2002,S02,2025-07-10,2025-08-04,2025-08-06,27.0,2.0
268,SN-2002,S02,2026-01-08,2026-02-02,2026-02-03,26.0,1.0
269,SN-2002,S02,2025-01-16,2025-02-10,2025-02-12,27.0,2.0
270,SN-2002,S02,2024-12-14,2025-01-08,2025-01-08,25.0,0.0
271,SN-2002,S02,2026-02-06,2026-03-03,2026-03-07,29.0,4.0
272,SN-2002,S02,2025-04-02,2025-04-27,2025-04-28,26.0,1.0
273,SN-2002,S02,2025-04-15,2025-05-10,2025-05-11,26.0,1.0
274,SN-2002,S02,2025-11-15,2025-12-10,2025-12-11,26.0,1.0
275,SN-2002,S02,2025-11-23,2025-12-18,2025-12-20,27.0,2.0
276,SN-2002,S02,2026-07-05,2026-07-30,2026-08-01,27.0,2.0
277,SN-2002,S02,2025-05-26,2025-06-20,2025-06-22,27.0,2.0
278,SN-2002,S02,2026-04-21,2026-05-16,2026-05-16,25.0,0.0
279,SN-2002,S02,2026-03-17,2026-04-11,2026-04-10,24.0,-1.0
280,SN-2002,S02,2026-02-25,2026-03-22,2026-03-22,25.0,0.0
281,SN-2002,S02,2025-05-17,2025-06-11,2025-06-13,27.0,2.0
282,SN-2002,S02,2025-08-20,2025-09-14,2025-09-11,22.0,-3.0
283,SN-2002,S02,2025-07-02,2025-07-27,2025-07-28,26.0,1.0
284,SN-2002,S02,2026-01-24,2026-02-18,2026-02-21,28.0,3.0
285,SN-2002,S02,2025-05-10,2025-06-04,2025-06-06,27.0,2.0
286,SN-2002,S02,2024-12-26,2025-01-20,2025-01-23,28.0,3.0
287,SN-2002,S02,2024-11-13,2024-12-08,2024-12-10,27.0,2.0
288,SN-2002,S02,2025-08-18,2025-09-12,2025-09-14,27.0,2.0
289,SN-2002,S02,2026-01-14,2026-02-08,2026-02-07,24.0,-1.0
290,SN-2002,S02,2024-11-22,2024-12-17,2024-12-16,24.0,-1.0
291,SN-2002,S02,2025-03-29,2025-04-23,2025-04-24,26.0,1.0
292,SN-2002,S02,2025-10-02,2025-10-27,2025-10-25,23.0,-2.0
293,SN-2002,S02,2025-06-08,2025-07-03,2025-07-05,27.0,2.0
294,SN-2002,S02,2025-07-19,2025-08-13,2025-08-14,26.0,1.0
295,SN-2002,S02,2025-02-06,2025-03-03,2025-03-06,28.0,3.0
296,SN-2002,S02,2026-09-03,2026-09-28,2026-09-27,24.0,-1.0
297,SN-2002,S02,2025-01-21,2025-02-15,2025-02-16,26.0,1.0
298,SN-2002,S02,2026-06-18,2026-07-13,2026-07-14,26.0,1.0
299,SN-2002,S02,2026-04-25,2026-05-20,2026-05-21,26.0,1.0
300,SN-2003,S04,2025-06-26,2025-07-26,2025-07-26,30.0,0.0
301,SN-2003,S04,2026-07-21,2026-08-20,2026-08-23,33.0,3.0
302,SN-2003,S04,2026-02-28,2026-03-30,2026-04-04,35.0,5.0
303,SN-2003,S04,2026-06-21,2026-07-21,2026-07-18,27.0,-3.0
304,SN-2003,S04,2025-11-12,2025-12-12,2025-12-12,30.0,0.0
305,SN-2003,S04,2025-05-09,2025-06-08,2025-06-13,35.0,5.0
306,SN-2003,S04,2024-09-29,2024-10-29,2024-11-26,58.0,28.0
307,SN-2003,S04,2024-10-15,2024-11-14,2024-11-27,43.0,13.0
308,SN-2003,S04,2025-11-11,2025-12-11,2025-12-19,38.0,8.0
309,SN-2003,S04,2026-01-01,2026-01-31,2026-02-09,39.0,9.0
310,SN-2003,S04,2025-02-02,2025-03-04,2025-03-17,43.0,13.0
311,SN-2003,S04,2025-03-26,2025-04-25,2025-04-27,32.0,2.0
312,SN-2003,S04,2024-12-13,2025-01-12,2025-01-17,35.0,5.0
313,SN-2003,S04,2026-07-02,2026-08-01,2026-08-02,31.0,1.0
314,SN-2003,S04,2026-07-23,2026-08-22,2026-09-17,56.0,26.0
315,SN-2003,S04,2025-03-08,2025-04-07,2025-04-10,33.0,3.0
316,SN-2003,S04,2025-02-01,2025-03-03,2025-04-03,61.0,31.0
317,SN-2003,S04,2025-02-01,2025-03-03,2025-03-05,32.0,2.0
318,SN-2003,S04,2026-07-05,2026-08-04,2026-08-07,33.0,3.0
319,SN-2003,S04,2026-03-10,2026-04-09,2026-04-13,34.0,4.0
320,SN-2003,S04,2025-03-25,2025-04-24,2025-05-10,46.0,16.0
321,SN-2003,S04,2026-04-06,2026-05-06,2026-05-06,30.0,0.0
322,SN-2003,S04,2026-06-16,2026-07-16,2026-07-23,37.0,7.0
323,SN-2003,S04,2026-05-07,2026-06-06,2026-06-17,41.0,11.0
324,SN-2003,S04,2024-10-05,2024-11-04,2024-11-10,36.0,6.0
325,SN-2003,S04,2025-10-25,2025-11-24,2025-11-29,35.0,5.0
326,SN-2003,S04,2024-10-16,2024-11-15,2024-11-12,27.0,-3.0
327,SN-2003,S04,2026-04-05,2026-05-05,2026-05-06,31.0,1.0
328,SN-2003,S04,2025-04-05,2025-05-05,2025-05-02,27.0,-3.0
329,SN-2003,S04,2025-01-28,2025-02-27,2025-03-27,58.0,28.0
330,SN-2003,S04,2025-07-08,2025-08-07,2025-08-04,27.0,-3.0
331,SN-2003,S04,2025-11-15,2025-12-15,2025-12-18,33.0,3.0
332,SN-2003,S04,2025-08-06,2025-09-05,2025-09-10,35.0,5.0
333,SN-2003,S04,2025-09-03,2025-10-03,2025-09-30,27.0,-3.0
334,SN-2003,S04,2025-05-16,2025-06-15,2025-07-08,53.0,23.0
335,SN-2003,S04,2024-12-12,2025-01-11,2025-01-18,37.0,7.0
336,SN-2003,S04,2024-12-15,2025-01-14,2025-01-29,45.0,15.0
337,SN-2003,S04,2024-11-13,2024-12-13,2024-12-22,39.0,9.0
338,SN-2003,S04,2025-07-20,2025-08-19,2025-08-16,27.0,-3.0
339,SN-2003,S04,2026-04-09,2026-05-09,2026-05-06,27.0,-3.0
340,SN-2003,S04,2025-11-12,2025-12-12,2026-01-15,64.0,34.0
341,SN-2003,S04,2026-01-24,2026-02-23,2026-03-11,46.0,16.0
342,SN-2003,S04,2026-03-04,2026-04-03,2026-04-13,40.0,10.0
343,SN-2003,S04,2024-12-17,2025-01-16,2025-01-27,41.0,11.0
344,SN-2003,S04,2026-06-19,2026-07-19,2026-08-03,45.0,15.0
345,SN-2003,S04,2025-03-22,2025-04-21,2025-05-04,43.0,13.0
346,SN-2003,S04,2024-10-01,2024-10-31,2024-10-29,28.0,-2.0
347,SN-2003,S04,2026-01-22,2026-02-21,2026-02-21,30.0,0.0
348,SN-2003,S04,2025-02-13,2025-03-15,2025-03-15,30.0,0.0
349,SN-2003,S04,2025-09-19,2025-10-19,2025-10-24,35.0,5.0
350,SN-2003,S04,2025-07-20,2025-08-19,2025-08-23,34.0,4.0
351,SN-2003,S04,2026-04-24,2026-05-24,2026-06-08,45.0,15.0
352,SN-2003,S04,2025-07-17,2025-08-16,2025-09-01,46.0,16.0
353,SN-2003,S04,2025-11-06,2025-12-06,2025-12-10,34.0,4.0
354,SN-2003,S04,2024-11-15,2024-12-15,2024-12-18,33.0,3.0
355,SN-2003,S04,2025-10-23,2025-11-22,2025-12-07,45.0,15.0
356,SN-2003,S04,2025-05-29,2025-06-28,2025-06-27,29.0,-1.0
357,SN-2003,S04,2026-01-06,2026-02-05,2026-02-22,47.0,17.0
358,SN-2003,S04,2025-04-13,2025-05-13,2025-05-18,35.0,5.0
359,SN-2003,S04,2025-08-05,2025-09-04,2025-09-08,34.0,4.0
360,SN-2004,S04,2025-01-29,2025-03-15,2025-03-24,54.0,9.0
361,SN-2004,S04,2025-05-22,2025-07-06,2025-07-21,60.0,15.0
362,SN-2004,S04,2025-12-04,2026-01-18,2026-01-25,52.0,7.0
363,SN-2004,S04,2024-11-29,2025-01-13,2025-01-15,47.0,2.0
364,SN-2004,S04,2026-05-24,2026-07-08,2026-07-05,42.0,-3.0
365,SN-2004,S04,2025-10-22,2025-12-06,2025-12-12,51.0,6.0
366,SN-2004,S04,2024-12-22,2025-02-05,2025-02-23,63.0,18.0
367,SN-2004,S04,2026-07-29,2026-09-12,2026-09-13,46.0,1.0
368,SN-2004,S04,2026-05-25,2026-07-09,2026-07-15,51.0,6.0
369,SN-2004,S04,2026-07-16,2026-08-30,2026-08-29,44.0,-1.0
370,SN-2004,S04,2024-11-16,2024-12-31,2025-01-04,49.0,4.0
371,SN-2004,S04,2026-06-17,2026-08-01,2026-08-09,53.0,8.0
372,SN-2004,S04,2026-03-19,2026-05-03,2026-04-30,42.0,-3.0
373,SN-2004,S04,2024-12-01,2025-01-15,2025-01-12,42.0,-3.0
374,SN-2004,S04,2026-06-09,2026-07-24,2026-08-03,55.0,10.0
375,SN-2004,S04,2026-07-22,2026-09-05,2026-09-13,53.0,8.0
376,SN-2004,S04,2026-07-24,2026-09-07,2026-09-14,52.0,7.0
377,SN-2004,S04,2025-11-05,2025-12-20,2025-12-19,44.0,-1.0
378,SN-2004,S04,2026-06-20,2026-08-04,2026-08-16,57.0,12.0
379,SN-2004,S04,2024-10-26,2024-12-10,2024-12-17,52.0,7.0
380,SN-2004,S04,2025-09-24,2025-11-08,2025-11-05,42.0,-3.0
381,SN-2004,S04,2026-04-20,2026-06-04,2026-06-11,52.0,7.0
382,SN-2004,S04,2026-03-18,2026-05-02,2026-05-11,54.0,9.0
383,SN-2004,S04,2024-12-20,2025-02-03,2025-02-01,43.0,-2.0
384,SN-2004,S04,2025-12-24,2026-02-07,2026-02-07,45.0,0.0
385,SN-2004,S04,2025-10-04,2025-11-18,2025-11-24,51.0,6.0
386,SN-2004,S04,2025-08-17,2025-10-01,2025-11-02,77.0,32.0
387,SN-2004,S04,2025-03-17,2025-05-01,2025-05-07,51.0,6.0
388,SN-2004,S04,2024-11-12,2024-12-27,2024-12-28,46.0,1.0
389,SN-2004,S04,2024-12-29,2025-02-12,2025-02-14,47.0,2.0
390,SN-2004,S04,2024-10-06,2024-11-20,2024-11-17,42.0,-3.0
391,SN-2004,S04,2025-02-24,2025-04-10,2025-04-17,52.0,7.0
392,SN-2004,S04,2026-04-20,2026-06-04,2026-06-17,58.0,13.0
393,SN-2004,S04,2025-08-21,2025-10-05,2025-10-15,55.0,10.0
394,SN-2004,S04,2025-12-26,2026-02-09,2026-02-13,49.0,4.0
395,SN-2004,S04,2026-02-07,2026-03-24,2026-03-29,50.0,5.0
396,SN-2004,S04,2026-04-08,2026-05-23,2026-06-05,58.0,13.0
397,SN-2004,S04,2025-10-19,2025-12-03,2025-12-06,48.0,3.0
398,SN-2004,S04,2026-04-23,2026-06-07,2026-07-15,83.0,38.0
399,SN-2004,S04,2025-04-12,2025-05-27,2025-05-26,44.0,-1.0
400,SN-2004,S04,2026-07-09,2026-08-23,2026-08-30,52.0,7.0
401,SN-2004,S04,2026-02-20,2026-04-06,2026-04-14,53.0,8.0
402,SN-2004,S04,2025-05-25,2025-07-09,2025-07-06,42.0,-3.0
403,SN-2004,S04,2025-08-05,2025-09-19,2025-10-05,61.0,16.0
404,SN-2004,S04,2026-05-26,2026-07-10,2026-07-16,51.0,6.0
405,SN-2004,S04,2025-05-28,2025-07-12,2025-07-20,53.0,8.0
406,SN-2004,S04,2025-01-04,2025-02-18,2025-02-15,42.0,-3.0
407,SN-2004,S04,2026-06-10,2026-07-25,2026-07-23,43.0,-2.0
408,SN-2004,S04,2025-11-23,2026-01-07,2026-01-18,56.0,11.0
409,SN-2004,S04,2026-01-20,2026-03-06,2026-03-09,48.0,3.0
410,SN-2004,S04,2025-06-28,2025-08-12,2025-08-17,50.0,5.0
411,SN-2004,S04,2026-05-16,2026-06-30,2026-07-10,55.0,10.0
412,SN-2004,S04,2024-12-07,2025-01-21,2025-01-23,47.0,2.0
413,SN-2004,S04,2025-02-02,2025-03-19,2025-03-16,42.0,-3.0
414,SN-2004,S04,2025-09-13,2025-10-28,2025-10-25,42.0,-3.0
415,SN-2004,S04,2025-11-13,2025-12-28,2026-01-04,52.0,7.0
416,SN-2004,S04,2026-03-31,2026-05-15,2026-06-17,78.0,33.0
417,SN-2004,S04,2025-10-11,2025-11-25,2025-11-27,47.0,2.0
418,CN-3001,S03,2026-07-28,2026-08-07,2026-08-12,15.0,5.0
419,CN-3001,S03,2025-03-02,2025-03-12,2025-03-20,18.0,8.0
420,CN-3001,S03,2025-01-09,2025-01-19,2025-01-22,13.0,3.0
421,CN-3001,S03,2025-05-26,2025-06-05,2025-06-11,16.0,6.0
422,CN-3001,S03,2025-12-19,2025-12-29,2026-01-02,14.0,4.0
423,CN-3001,S03,2025-09-14,2025-09-24,2025-09-21,7.0,-3.0
424,CN-3001,S03,2026-04-08,2026-04-18,2026-04-15,7.0,-3.0
425,CN-3001,S03,2026-04-21,2026-05-01,2026-05-03,12.0,2.0
426,CN-3001,S03,2024-12-12,2024-12-22,2024-12-24,12.0,2.0
427,CN-3001,S03,2024-10-30,2024-11-09,2024-11-10,11.0,1.0
428,CN-3001,S03,2026-02-14,2026-02-24,2026-03-01,15.0,5.0
429,CN-3001,S03,2025-03-18,2025-03-28,2025-04-03,16.0,6.0
430,CN-3001,S03,2025-12-29,2026-01-08,2026-01-05,7.0,-3.0
431,CN-3001,S03,2026-02-26,2026-03-08,2026-03-08,10.0,0.0
432,CN-3001,S03,2025-08-14,2025-08-24,2025-09-11,28.0,18.0
433,CN-3001,S03,2025-03-02,2025-03-12,2025-03-10,8.0,-2.0
434,CN-3001,S03,2025-10-25,2025-11-04,2025-11-04,10.0,0.0
435,CN-3001,S03,2025-12-26,2026-01-05,2026-01-09,14.0,4.0
436,CN-3001,S03,2025-12-04,2025-12-14,2025-12-11,7.0,-3.0
437,CN-3001,S03,2026-01-29,2026-02-08,2026-02-11,13.0,3.0
438,CN-3001,S03,2025-11-01,2025-11-11,2025-11-17,16.0,6.0
439,CN-3001,S03,2026-03-25,2026-04-04,2026-04-07,13.0,3.0
440,CN-3001,S03,2025-09-20,2025-09-30,2025-10-01,11.0,1.0
441,CN-3001,S03,2024-09-29,2024-10-09,2024-10-06,7.0,-3.0
442,CN-3001,S03,2024-12-02,2024-12-12,2024-12-13,11.0,1.0
443,CN-3001,S03,2026-07-13,2026-07-23,2026-07-25,12.0,2.0
444,CN-3001,S03,2025-09-23,2025-10-03,2025-10-08,15.0,5.0
445,CN-3001,S03,2025-08-12,2025-08-22,2025-08-20,8.0,-2.0
446,CN-3001,S03,2026-04-02,2026-04-12,2026-04-17,15.0,5.0
447,CN-3001,S03,2024-10-02,2024-10-12,2024-10-21,19.0,9.0
448,CN-3001,S03,2026-01-28,2026-02-07,2026-02-10,13.0,3.0
449,CN-3001,S03,2025-07-05,2025-07-15,2025-07-17,12.0,2.0
450,CN-3001,S03,2025-08-09,2025-08-19,2025-08-24,15.0,5.0
451,CN-3001,S03,2026-04-23,2026-05-03,2026-05-03,10.0,0.0
452,CN-3001,S03,2025-11-26,2025-12-06,2025-12-03,7.0,-3.0
453,CN-3001,S03,2026-04-25,2026-05-05,2026-05-11,16.0,6.0
454,CN-3001,S03,2026-03-05,2026-03-15,2026-03-16,11.0,1.0
455,CN-3001,S03,2025-05-15,2025-05-25,2025-05-23,8.0,-2.0
456,CN-3001,S03,2026-02-24,2026-03-06,2026-03-04,8.0,-2.0
457,CN-3001,S03,2025-11-07,2025-11-17,2025-11-14,7.0,-3.0
458,CN-3001,S03,2025-03-07,2025-03-17,2025-03-21,14.0,4.0
459,CN-3001,S03,2025-01-24,2025-02-03,2025-02-22,29.0,19.0
460,CN-3001,S03,2024-10-03,2024-10-13,2024-10-17,14.0,4.0
461,CN-3001,S03,2025-09-05,2025-09-15,2025-09-20,15.0,5.0
462,CN-3001,S03,2025-12-02,2025-12-12,2025-12-09,7.0,-3.0
463,CN-3001,S03,2026-04-27,2026-05-07,2026-05-06,9.0,-1.0
464,CN-3001,S03,2025-10-03,2025-10-13,2025-10-10,7.0,-3.0
465,CN-3001,S03,2025-05-06,2025-05-16,2025-05-20,14.0,4.0
466,CN-3001,S03,2025-11-26,2025-12-06,2025-12-09,13.0,3.0
467,CN-3001,S03,2025-04-08,2025-04-18,2025-04-20,12.0,2.0
468,CN-3001,S03,2025-10-11,2025-10-21,2025-10-18,7.0,-3.0
469,CN-3001,S03,2025-10-14,2025-10-24,2025-10-29,15.0,5.0
470,CN-3001,S03,2024-12-03,2024-12-13,2024-12-14,11.0,1.0
471,CN-3001,S03,2026-02-26,2026-03-08,2026-03-10,12.0,2.0
472,CN-3001,S03,2024-11-07,2024-11-17,2024-11-22,15.0,5.0
473,CN-3001,S03,2025-01-15,2025-01-25,2025-02-11,27.0,17.0
474,CN-3001,S03,2025-06-12,2025-06-22,2025-06-28,16.0,6.0
475,CN-3001,S03,2024-11-26,2024-12-06,2024-12-13,17.0,7.0
476,CN-3001,S03,2026-03-31,2026-04-10,2026-04-14,14.0,4.0
477,CN-3001,S03,2026-02-03,2026-02-13,2026-02-12,9.0,-1.0
478,CN-3002,S03,2026-06-09,2026-06-23,2026-06-27,18.0,4.0
479,CN-3002,S03,2025-04-09,2025-04-23,2025-04-29,20.0,6.0
480,CN-3002,S03,2025-08-30,2025-09-13,2025-09-10,11.0,-3.0
481,CN-3002,S03,2025-03-25,2025-04-08,2025-04-09,15.0,1.0
482,CN-3002,S03,2026-03-23,2026-04-06,2026-04-09,17.0,3.0
483,CN-3002,S03,2025-07-22,2025-08-05,2025-08-07,16.0,2.0
484,CN-3002,S03,2024-11-29,2024-12-13,2024-12-21,22.0,8.0
485,CN-3002,S03,2025-05-15,2025-05-29,2025-05-31,16.0,2.0
486,CN-3002,S03,2025-02-21,2025-03-07,2025-03-04,11.0,-3.0
487,CN-3002,S03,2024-11-26,2024-12-10,2024-12-22,26.0,12.0
488,CN-3002,S03,2025-06-12,2025-06-26,2025-07-06,24.0,10.0
489,CN-3002,S03,2026-07-04,2026-07-18,2026-07-21,17.0,3.0
490,CN-3002,S03,2026-02-19,2026-03-05,2026-03-05,14.0,0.0
491,CN-3002,S03,2024-10-13,2024-10-27,2024-10-30,17.0,3.0
492,CN-3002,S03,2025-03-11,2025-03-25,2025-03-22,11.0,-3.0
493,CN-3002,S03,2025-05-29,2025-06-12,2025-06-26,28.0,14.0
494,CN-3002,S03,2025-04-21,2025-05-05,2025-05-05,14.0,0.0
495,CN-3002,S03,2026-07-31,2026-08-14,2026-08-19,19.0,5.0
496,CN-3002,S03,2026-08-18,2026-09-01,2026-09-03,16.0,2.0
497,CN-3002,S03,2026-08-03,2026-08-17,2026-08-14,11.0,-3.0
498,CN-3002,S03,2025-03-28,2025-04-11,2025-04-14,17.0,3.0
499,CN-3002,S03,2025-08-27,2025-09-10,2025-09-11,15.0,1.0
500,CN-3002,S03,2026-03-29,2026-04-12,2026-04-15,17.0,3.0
501,CN-3002,S03,2025-04-22,2025-05-06,2025-05-09,17.0,3.0
502,CN-3002,S03,2025-08-27,2025-09-10,2025-09-20,24.0,10.0
503,CN-3002,S03,2025-06-11,2025-06-25,2025-07-02,21.0,7.0
504,CN-3002,S03,2025-02-09,2025-02-23,2025-02-20,11.0,-3.0
505,CN-3002,S03,2026-05-31,2026-06-14,2026-06-12,12.0,-2.0
506,CN-3002,S03,2024-11-23,2024-12-07,2024-12-07,14.0,0.0
507,CN-3002,S03,2026-04-11,2026-04-25,2026-05-02,21.0,7.0
508,CN-3002,S03,2026-07-20,2026-08-03,2026-08-26,37.0,23.0
509,CN-3002,S03,2025-01-29,2025-02-12,2025-02-12,14.0,0.0
510,CN-3002,S03,2025-06-18,2025-07-02,2025-07-04,16.0,2.0
511,CN-3002,S03,2025-09-03,2025-09-17,2025-09-14,11.0,-3.0
512,CN-3002,S03,2026-01-06,2026-01-20,2026-01-17,11.0,-3.0
513,CN-3002,S03,2025-02-20,2025-03-06,2025-03-09,17.0,3.0
514,CN-3002,S03,2026-03-18,2026-04-01,2026-04-06,19.0,5.0
515,CN-3002,S03,2025-05-09,2025-05-23,2025-06-17,39.0,25.0
516,CN-3002,S03,2026-02-02,2026-02-16,2026-02-22,20.0,6.0
517,CN-3002,S03,2024-12-02,2024-12-16,2024-12-16,14.0,0.0
518,CN-3002,S03,2026-02-15,2026-03-01,2026-03-06,19.0,5.0
519,CN-3002,S03,2025-07-02,2025-07-16,2025-07-14,12.0,-2.0
520,CN-3002,S03,2025-05-04,2025-05-18,2025-05-17,13.0,-1.0
521,CN-3002,S03,2026-07-18,2026-08-01,2026-07-30,12.0,-2.0
522,CN-3002,S03,2026-07-09,2026-07-23,2026-07-29,20.0,6.0
523,CN-3002,S03,2025-03-30,2025-04-13,2025-04-14,15.0,1.0
524,CN-3002,S03,2025-10-08,2025-10-22,2025-10-31,23.0,9.0
525,CN-3002,S03,2024-11-19,2024-12-03,2024-11-30,11.0,-3.0
526,CN-3002,S03,2025-07-08,2025-07-22,2025-08-20,43.0,29.0
527,CN-3002,S03,2025-10-02,2025-10-16,2025-10-15,13.0,-1.0
528,CN-3002,S03,2025-10-11,2025-10-25,2025-11-01,21.0,7.0
529,CN-3002,S03,2026-05-03,2026-05-17,2026-05-24,21.0,7.0
530,CN-3002,S03,2026-09-08,2026-09-22,2026-09-26,18.0,4.0
531,CN-3002,S03,2025-04-06,2025-04-20,2025-04-21,15.0,1.0
532,CN-3002,S03,2026-05-22,2026-06-05,2026-06-05,14.0,0.0
533,CN-3002,S03,2025-06-21,2025-07-05,2025-07-09,18.0,4.0
534,CN-3002,S03,2025-11-20,2025-12-04,2025-12-07,17.0,3.0
535,CN-3002,S03,2024-12-04,2024-12-18,2024-12-20,16.0,2.0
536,CN-3002,S03,2025-01-13,2025-01-27,2025-01-24,11.0,-3.0
537,CN-3002,S03,2026-02-17,2026-03-03,2026-03-05,16.0,2.0
538,CN-3003,S05,2025-07-22,2025-08-03,2025-08-09,18.0,6.0
539,CN-3003,S05,2025-08-30,2025-09-11,2025-09-13,14.0,2.0
540,CN-3003,S05,2024-11-15,2024-11-27,2024-12-06,21.0,9.0
541,CN-3003,S05,2025-01-25,2025-02-06,2025-02-12,18.0,6.0
542,CN-3003,S05,2024-10-09,2024-10-21,2024-10-20,11.0,-1.0
543,CN-3003,S05,2025-02-19,2025-03-03,2025-03-06,15.0,3.0
544,CN-3003,S05,2025-08-16,2025-08-28,2025-09-03,18.0,6.0
545,CN-3003,S05,2025-06-13,2025-06-25,2025-06-27,14.0,2.0
546,CN-3003,S05,2026-01-15,2026-01-27,2026-01-27,12.0,0.0
547,CN-3003,S05,2026-04-28,2026-05-10,2026-05-07,9.0,-3.0
548,CN-3003,S05,2026-03-31,2026-04-12,2026-04-15,15.0,3.0
549,CN-3003,S05,2026-08-24,2026-09-05,2026-09-11,18.0,6.0
550,CN-3003,S05,2025-05-31,2025-06-12,2025-06-25,25.0,13.0
551,CN-3003,S05,2025-07-22,2025-08-03,2025-08-05,14.0,2.0
552,CN-3003,S05,2026-05-21,2026-06-02,2026-05-30,9.0,-3.0
553,CN-3003,S05,2025-10-29,2025-11-10,2025-11-20,22.0,10.0
554,CN-3003,S05,2024-12-13,2024-12-25,2024-12-29,16.0,4.0
555,CN-3003,S05,2024-12-06,2024-12-18,2024-12-19,13.0,1.0
556,CN-3003,S05,2026-04-18,2026-04-30,2026-04-30,12.0,0.0
557,CN-3003,S05,2025-07-10,2025-07-22,2025-07-20,10.0,-2.0
558,CN-3003,S05,2026-02-07,2026-02-19,2026-03-03,24.0,12.0
559,CN-3003,S05,2026-04-02,2026-04-14,2026-04-21,19.0,7.0
560,CN-3003,S05,2025-04-21,2025-05-03,2025-05-07,16.0,4.0
561,CN-3003,S05,2025-06-08,2025-06-20,2025-06-18,10.0,-2.0
562,CN-3003,S05,2025-02-10,2025-02-22,2025-02-28,18.0,6.0
563,CN-3003,S05,2025-10-06,2025-10-18,2025-10-15,9.0,-3.0
564,CN-3003,S05,2026-08-09,2026-08-21,2026-08-21,12.0,0.0
565,CN-3003,S05,2025-11-19,2025-12-01,2025-12-02,13.0,1.0
566,CN-3003,S05,2024-11-20,2024-12-02,2024-12-10,20.0,8.0
567,CN-3003,S05,2026-08-27,2026-09-08,2026-09-14,18.0,6.0
568,CN-3003,S05,2026-08-31,2026-09-12,2026-09-16,16.0,4.0
569,CN-3003,S05,2024-12-04,2024-12-16,2024-12-15,11.0,-1.0
570,CN-3003,S05,2026-07-15,2026-07-27,2026-07-24,9.0,-3.0
571,CN-3003,S05,2025-06-29,2025-07-11,2025-07-11,12.0,0.0
572,CN-3003,S05,2026-05-22,2026-06-03,2026-06-23,32.0,20.0
573,CN-3003,S05,2025-01-14,2025-01-26,2025-02-04,21.0,9.0
574,CN-3003,S05,2026-01-30,2026-02-11,2026-02-11,12.0,0.0
575,CN-3003,S05,2025-12-21,2026-01-02,2026-01-09,19.0,7.0
576,CN-3003,S05,2025-10-14,2025-10-26,2025-10-25,11.0,-1.0
577,CN-3003,S05,2026-04-09,2026-04-21,2026-05-02,23.0,11.0
578,CN-3003,S05,2025-01-12,2025-01-24,2025-01-24,12.0,0.0
579,CN-3003,S05,2024-11-20,2024-12-02,2024-12-05,15.0,3.0
580,CN-3003,S05,2024-10-08,2024-10-20,2024-11-14,37.0,25.0
581,CN-3003,S05,2026-01-10,2026-01-22,2026-01-21,11.0,-1.0
582,CN-3003,S05,2025-03-22,2025-04-03,2025-04-07,16.0,4.0
583,CN-3003,S05,2025-01-16,2025-01-28,2025-02-01,16.0,4.0
584,CN-3003,S05,2025-10-27,2025-11-08,2025-11-05,9.0,-3.0
585,CN-3003,S05,2026-06-18,2026-06-30,2026-07-04,16.0,4.0
586,CN-3003,S05,2026-05-31,2026-06-12,2026-06-14,14.0,2.0
587,CN-3003,S05,2026-08-06,2026-08-18,2026-08-22,16.0,4.0
588,CN-3003,S05,2025-10-30,2025-11-11,2025-11-18,19.0,7.0
589,CN-3003,S05,2026-02-22,2026-03-06,2026-03-10,16.0,4.0
590,CN-3003,S05,2025-12-17,2025-12-29,2026-01-05,19.0,7.0
591,CN-3003,S05,2026-08-30,2026-09-11,2026-09-22,23.0,11.0
592,CN-3003,S05,2025-12-03,2025-12-15,2025-12-15,12.0,0.0
593,CN-3003,S05,2025-08-28,2025-09-09,2025-09-28,31.0,19.0
594,CN-3003,S05,2026-01-07,2026-01-19,2026-01-18,11.0,-1.0
595,CN-3003,S05,2025-03-02,2025-03-14,2025-04-11,40.0,28.0
596,CN-3003,S05,2025-03-15,2025-03-27,2025-04-01,17.0,5.0
597,CN-3003,S05,2025-06-17,2025-06-29,2025-06-29,12.0,0.0
598,EL-4001,S04,2026-08-09,2026-09-18,2026-09-17,39.0,-1.0
599,EL-4001,S04,2026-05-27,2026-07-06,2026-07-03,37.0,-3.0
600,EL-4001,S04,2025-09-10,2025-10-20,2025-10-17,37.0,-3.0
601,EL-4001,S04,2026-02-14,2026-03-26,2026-03-30,44.0,4.0
602,EL-4001,S04,2024-10-09,2024-11-18,2024-12-10,62.0,22.0
603,EL-4001,S04,2024-11-17,2024-12-27,2025-01-01,45.0,5.0
604,EL-4001,S04,2025-01-06,2025-02-15,2025-02-12,37.0,-3.0
605,EL-4001,S04,2025-01-09,2025-02-18,2025-02-23,45.0,5.0
606,EL-4001,S04,2024-10-15,2024-11-24,2024-11-25,41.0,1.0
607,EL-4001,S04,2025-04-19,2025-05-29,2025-06-09,51.0,11.0
608,EL-4001,S04,2025-12-18,2026-01-27,2026-02-06,50.0,10.0
609,EL-4001,S04,2026-02-05,2026-03-17,2026-03-16,39.0,-1.0
610,EL-4001,S04,2026-06-29,2026-08-08,2026-08-17,49.0,9.0
611,EL-4001,S04,2024-12-08,2025-01-17,2025-01-29,52.0,12.0
612,EL-4001,S04,2025-03-27,2025-05-06,2025-05-10,44.0,4.0
613,EL-4001,S04,2024-11-12,2024-12-22,2024-12-19,37.0,-3.0
614,EL-4001,S04,2025-04-20,2025-05-30,2025-05-27,37.0,-3.0
615,EL-4001,S04,2026-05-16,2026-06-25,2026-07-02,47.0,7.0
616,EL-4001,S04,2026-05-05,2026-06-14,2026-07-23,79.0,39.0
617,EL-4001,S04,2026-03-05,2026-04-14,2026-04-30,56.0,16.0
618,EL-4001,S04,2026-02-26,2026-04-07,2026-04-11,44.0,4.0
619,EL-4001,S04,2025-12-14,2026-01-23,2026-01-27,44.0,4.0
620,EL-4001,S04,2026-01-19,2026-02-28,2026-03-21,61.0,21.0
621,EL-4001,S04,2025-03-20,2025-04-29,2025-05-10,51.0,11.0
622,EL-4001,S04,2025-09-16,2025-10-26,2025-10-27,41.0,1.0
623,EL-4001,S04,2025-03-08,2025-04-17,2025-04-22,45.0,5.0
624,EL-4001,S04,2024-12-12,2025-01-21,2025-01-31,50.0,10.0
625,EL-4001,S04,2025-02-13,2025-03-25,2025-04-04,50.0,10.0
626,EL-4001,S04,2026-07-04,2026-08-13,2026-08-28,55.0,15.0
627,EL-4001,S04,2026-07-04,2026-08-13,2026-09-06,64.0,24.0
628,EL-4001,S04,2025-02-18,2025-03-30,2025-04-13,54.0,14.0
629,EL-4001,S04,2026-07-01,2026-08-10,2026-08-15,45.0,5.0
630,EL-4001,S04,2026-08-09,2026-09-18,2026-09-28,50.0,10.0
631,EL-4001,S04,2025-12-04,2026-01-13,2026-01-15,42.0,2.0
632,EL-4001,S04,2026-03-01,2026-04-10,2026-04-16,46.0,6.0
633,EL-4001,S04,2026-01-19,2026-02-28,2026-03-04,44.0,4.0
634,EL-4001,S04,2026-03-10,2026-04-19,2026-04-23,44.0,4.0
635,EL-4001,S04,2026-01-02,2026-02-11,2026-02-11,40.0,0.0
636,EL-4001,S04,2025-02-01,2025-03-13,2025-03-18,45.0,5.0
637,EL-4001,S04,2025-02-28,2025-04-09,2025-04-15,46.0,6.0
638,EL-4001,S04,2026-05-31,2026-07-10,2026-07-16,46.0,6.0
639,EL-4001,S04,2025-02-05,2025-03-17,2025-03-30,53.0,13.0
640,EL-4001,S04,2024-11-17,2024-12-27,2025-01-19,63.0,23.0
641,EL-4001,S04,2025-04-15,2025-05-25,2025-05-24,39.0,-1.0
642,EL-4001,S04,2025-02-06,2025-03-18,2025-03-19,41.0,1.0
643,EL-4001,S04,2026-03-09,2026-04-18,2026-05-26,78.0,38.0
644,EL-4001,S04,2024-12-12,2025-01-21,2025-01-29,48.0,8.0
645,EL-4001,S04,2025-07-18,2025-08-27,2025-09-05,49.0,9.0
646,EL-4001,S04,2026-05-21,2026-06-30,2026-06-27,37.0,-3.0
647,EL-4001,S04,2025-10-20,2025-11-29,2025-12-12,53.0,13.0
648,EL-4001,S04,2024-11-23,2025-01-02,2025-02-12,81.0,41.0
649,EL-4001,S04,2024-11-05,2024-12-15,2024-12-15,40.0,0.0
650,EL-4001,S04,2025-10-22,2025-12-01,2025-12-03,42.0,2.0
651,EL-4001,S04,2024-12-10,2025-01-19,2025-01-23,44.0,4.0
652,EL-4001,S04,2026-07-23,2026-09-01,2026-09-09,48.0,8.0
653,EL-4001,S04,2026-01-11,2026-02-20,2026-03-27,75.0,35.0
654,EL-4002,S06,2025-03-26,2025-04-11,2025-04-12,17.0,1.0
655,EL-4002,S06,2026-01-24,2026-02-09,2026-02-12,19.0,3.0
656,EL-4002,S06,2026-02-10,2026-02-26,2026-02-26,16.0,0.0
657,EL-4002,S06,2026-03-12,2026-03-28,2026-03-29,17.0,1.0
658,EL-4002,S06,2026-03-07,2026-03-23,2026-03-24,17.0,1.0
659,EL-4002,S06,2026-01-06,2026-01-22,2026-01-22,16.0,0.0
660,EL-4002,S06,2025-12-14,2025-12-30,2025-12-31,17.0,1.0
661,EL-4002,S06,2025-09-03,2025-09-19,2025-09-19,16.0,0.0
662,EL-4002,S06,2026-07-29,2026-08-14,2026-08-14,16.0,0.0
663,EL-4002,S06,2024-10-08,2024-10-24,2024-10-26,18.0,2.0
664,EL-4002,S06,2025-08-05,2025-08-21,2025-08-22,17.0,1.0
665,EL-4002,S06,2025-09-13,2025-09-29,2025-09-29,16.0,0.0
666,EL-4002,S06,2025-06-19,2025-07-05,2025-07-05,16.0,0.0
667,EL-4002,S06,2025-01-18,2025-02-03,2025-02-02,15.0,-1.0
668,EL-4002,S06,2025-08-10,2025-08-26,2025-08-27,17.0,1.0
669,EL-4002,S06,2025-06-05,2025-06-21,2025-06-22,17.0,1.0
670,EL-4002,S06,2026-01-11,2026-01-27,2026-01-29,18.0,2.0
671,EL-4002,S06,2026-07-04,2026-07-20,2026-07-20,16.0,0.0
672,EL-4002,S06,2026-04-20,2026-05-06,2026-05-06,16.0,0.0
673,EL-4002,S06,2025-04-24,2025-05-10,2025-05-09,15.0,-1.0
674,EL-4002,S06,2026-02-08,2026-02-24,2026-02-24,16.0,0.0
675,EL-4002,S06,2026-08-09,2026-08-25,2026-08-25,16.0,0.0
676,EL-4002,S06,2024-11-04,2024-11-20,2024-11-20,16.0,0.0
677,EL-4002,S06,2025-09-28,2025-10-14,2025-10-16,18.0,2.0
678,EL-4002,S06,2025-09-03,2025-09-19,2025-09-20,17.0,1.0
679,EL-4002,S06,2024-12-10,2024-12-26,2024-12-24,14.0,-2.0
680,EL-4002,S06,2025-12-09,2025-12-25,2025-12-25,16.0,0.0
681,EL-4002,S06,2026-02-16,2026-03-04,2026-03-05,17.0,1.0
682,EL-4002,S06,2025-09-21,2025-10-07,2025-10-07,16.0,0.0
683,EL-4002,S06,2026-07-23,2026-08-08,2026-08-09,17.0,1.0
684,EL-4002,S06,2026-03-06,2026-03-22,2026-03-19,13.0,-3.0
685,EL-4002,S06,2026-04-21,2026-05-07,2026-05-07,16.0,0.0
686,EL-4002,S06,2025-07-23,2025-08-08,2025-08-09,17.0,1.0
687,EL-4002,S06,2026-06-02,2026-06-18,2026-06-19,17.0,1.0
688,EL-4002,S06,2024-12-31,2025-01-16,2025-01-19,19.0,3.0
689,EL-4002,S06,2026-07-21,2026-08-06,2026-08-07,17.0,1.0
690,EL-4002,S06,2025-04-10,2025-04-26,2025-04-26,16.0,0.0
691,EL-4002,S06,2026-07-23,2026-08-08,2026-08-11,19.0,3.0
692,EL-4002,S06,2026-07-07,2026-07-23,2026-07-23,16.0,0.0
693,EL-4002,S06,2025-01-10,2025-01-26,2025-01-24,14.0,-2.0
694,EL-4002,S06,2025-11-10,2025-11-26,2025-11-26,16.0,0.0
695,EL-4002,S06,2025-09-18,2025-10-04,2025-10-06,18.0,2.0
696,EL-4002,S06,2025-01-27,2025-02-12,2025-02-13,17.0,1.0
697,EL-4002,S06,2024-12-18,2025-01-03,2025-01-04,17.0,1.0
698,EL-4002,S06,2026-03-06,2026-03-22,2026-03-23,17.0,1.0
699,EL-4002,S06,2025-09-03,2025-09-19,2025-09-20,17.0,1.0
700,EL-4002,S06,2026-02-04,2026-02-20,2026-02-21,17.0,1.0
701,EL-4002,S06,2026-05-25,2026-06-10,2026-06-08,14.0,-2.0
702,EL-4002,S06,2026-06-06,2026-06-22,2026-06-23,17.0,1.0
703,EL-4002,S06,2026-03-24,2026-04-09,2026-04-21,28.0,12.0
704,EL-4002,S06,2025-03-16,2025-04-01,2025-04-04,19.0,3.0
705,EL-4002,S06,2025-03-26,2025-04-11,2025-04-12,17.0,1.0
706,EL-4002,S06,2025-03-21,2025-04-06,2025-04-04,14.0,-2.0
707,EL-4002,S06,2025-07-13,2025-07-29,2025-07-29,16.0,0.0
708,EL-4002,S06,2026-04-27,2026-05-13,2026-05-15,18.0,2.0
709,EL-4002,S06,2025-07-12,2025-07-28,2025-07-29,17.0,1.0
710,EL-4002,S06,2024-12-14,2024-12-30,2024-12-29,15.0,-1.0
711,EL-4002,S06,2025-08-10,2025-08-26,2025-08-27,17.0,1.0
712,EL-4002,S06,2024-11-16,2024-12-02,2024-12-04,18.0,2.0
713,EL-4002,S06,2025-11-16,2025-12-02,2025-12-03,17.0,1.0
714,EL-4003,S06,2026-06-24,2026-07-04,2026-07-06,12.0,2.0
715,EL-4003,S06,2026-07-23,2026-08-02,2026-08-03,11.0,1.0
716,EL-4003,S06,2026-04-21,2026-05-01,2026-05-01,10.0,0.0
717,EL-4003,S06,2024-12-08,2024-12-18,2024-12-16,8.0,-2.0
718,EL-4003,S06,2025-05-05,2025-05-15,2025-05-16,11.0,1.0
719,EL-4003,S06,2025-01-28,2025-02-07,2025-02-08,11.0,1.0
720,EL-4003,S06,2026-01-23,2026-02-02,2026-02-03,11.0,1.0
721,EL-4003,S06,2025-07-18,2025-07-28,2025-07-29,11.0,1.0
722,EL-4003,S06,2025-03-21,2025-03-31,2025-03-30,9.0,-1.0
723,EL-4003,S06,2026-04-18,2026-04-28,2026-04-29,11.0,1.0
724,EL-4003,S06,2025-07-30,2025-08-09,2025-08-09,10.0,0.0
725,EL-4003,S06,2025-07-22,2025-08-01,2025-08-02,11.0,1.0
726,EL-4003,S06,2025-04-15,2025-04-25,2025-04-26,11.0,1.0
727,EL-4003,S06,2025-06-22,2025-07-02,2025-07-03,11.0,1.0
728,EL-4003,S06,2026-06-29,2026-07-09,2026-07-10,11.0,1.0
729,EL-4003,S06,2024-12-28,2025-01-07,2025-01-07,10.0,0.0
730,EL-4003,S06,2025-07-15,2025-07-25,2025-07-24,9.0,-1.0
731,EL-4003,S06,2025-01-29,2025-02-08,2025-02-10,12.0,2.0
732,EL-4003,S06,2026-01-11,2026-01-21,2026-01-22,11.0,1.0
733,EL-4003,S06,2025-04-13,2025-04-23,2025-04-23,10.0,0.0
734,EL-4003,S06,2026-08-04,2026-08-14,2026-08-15,11.0,1.0
735,EL-4003,S06,2025-12-17,2025-12-27,2025-12-27,10.0,0.0
736,EL-4003,S06,2026-03-26,2026-04-05,2026-04-04,9.0,-1.0
737,EL-4003,S06,2025-02-06,2025-02-16,2025-02-17,11.0,1.0
738,EL-4003,S06,2025-02-16,2025-02-26,2025-02-26,10.0,0.0
739,EL-4003,S06,2026-08-03,2026-08-13,2026-08-13,10.0,0.0
740,EL-4003,S06,2025-09-03,2025-09-13,2025-09-13,10.0,0.0
741,EL-4003,S06,2025-02-04,2025-02-14,2025-02-17,13.0,3.0
742,EL-4003,S06,2025-05-12,2025-05-22,2025-05-23,11.0,1.0
743,EL-4003,S06,2026-02-24,2026-03-06,2026-03-06,10.0,0.0
744,EL-4003,S06,2024-11-12,2024-11-22,2024-11-22,10.0,0.0
745,EL-4003,S06,2025-10-15,2025-10-25,2025-10-25,10.0,0.0
746,EL-4003,S06,2026-07-02,2026-07-12,2026-07-11,9.0,-1.0
747,EL-4003,S06,2026-05-28,2026-06-07,2026-06-06,9.0,-1.0
748,EL-4003,S06,2026-04-09,2026-04-19,2026-04-19,10.0,0.0
749,EL-4003,S06,2025-12-21,2025-12-31,2026-01-01,11.0,1.0
750,EL-4003,S06,2026-05-24,2026-06-03,2026-06-04,11.0,1.0
751,EL-4003,S06,2025-01-28,2025-02-07,2025-02-08,11.0,1.0
752,EL-4003,S06,2025-06-12,2025-06-22,2025-06-23,11.0,1.0
753,EL-4003,S06,2024-10-28,2024-11-07,2024-11-07,10.0,0.0
754,EL-4003,S06,2025-12-15,2025-12-25,2025-12-25,10.0,0.0
755,EL-4003,S06,2025-09-13,2025-09-23,2025-09-24,11.0,1.0
756,EL-4003,S06,2026-03-15,2026-03-25,2026-03-26,11.0,1.0
757,EL-4003,S06,2024-10-20,2024-10-30,2024-10-30,10.0,0.0
758,EL-4003,S06,2026-02-12,2026-02-22,2026-02-24,12.0,2.0
759,EL-4003,S06,2025-06-08,2025-06-18,2025-06-16,8.0,-2.0
760,EL-4003,S06,2025-05-05,2025-05-15,2025-05-16,11.0,1.0
761,EL-4003,S06,2025-10-14,2025-10-24,2025-10-25,11.0,1.0
762,EL-4003,S06,2025-05-15,2025-05-25,2025-05-27,12.0,2.0
763,EL-4003,S06,2025-07-07,2025-07-17,2025-07-17,10.0,0.0
764,EL-4003,S06,2026-06-30,2026-07-10,2026-07-11,11.0,1.0
765,EL-4003,S06,2026-08-28,2026-09-07,2026-09-07,10.0,0.0
766,EL-4003,S06,2025-01-29,2025-02-08,2025-02-09,11.0,1.0
767,EL-4003,S06,2025-05-02,2025-05-12,2025-05-14,12.0,2.0
768,EL-4003,S06,2024-11-20,2024-11-30,2024-11-30,10.0,0.0
769,EL-4003,S06,2026-07-16,2026-07-26,2026-08-15,30.0,20.0
770,EL-4003,S06,2026-01-14,2026-01-24,2026-01-24,10.0,0.0
771,EL-4003,S06,2025-11-27,2025-12-07,2025-12-08,11.0,1.0
772,EL-4003,S06,2025-06-02,2025-06-12,2025-06-14,12.0,2.0
773,EL-4003,S06,2026-07-07,2026-07-17,2026-07-18,11.0,1.0
